YEARS,Tourists_Number,Overnight_Stay,Tourists_Spending,Avg_Stay,Avg_Spending_Trip,Avg_Spending_Night,Province,Tourism_Type
2015-01-01,6,59,43,10,7029,727,Albaha,Inbound
2015-01-01,0,0,0,0,0,0,Albaha,Inbound
2015-01-01,1041,8807,1120,8,1075,127,Albaha,Domestic
2015-01-01,947,7909,1016,8,1073,128,Albaha,Domestic
2015-01-01,33,269,39,8,1210,146,Albaha,Domestic
2015-01-01,62,629,65,10,1037,103,Albaha,Domestic
2016-01-01,1,2,0,3,720,240,Albaha,Inbound
2016-01-01,0,0,0,0,0,0,Albaha,Inbound
2016-01-01,1223,9707,1350,8,1104,139,Albaha,Domestic
2016-01-01,1148,9125,1269,8,1105,139,Albaha,Domestic
2016-01-01,27,276,35,10,1312,127,Albaha,Domestic
2016-01-01,49,307,47,6,950,152,Albaha,Domestic
2017-01-01,0,0,0,0,0,0,Albaha,Inbound
2017-01-01,1106,7126,1028,6,929,144,Albaha,Domestic
2017-01-01,1035,6729,968,6,935,144,Albaha,Domestic
2017-01-01,33,122,21,4,646,175,Albaha,Domestic
2017-01-01,38,275,39,7,1029,141,Albaha,Domestic
2018-01-01,4,71,47,17,11481,664,Albaha,Inbound
2018-01-01,0,0,0,0,0,0,Albaha,Inbound
2018-01-01,1235,8864,1380,7,1118,156,Albaha,Domestic
2018-01-01,1073,7683,1180,7,1100,154,Albaha,Domestic
2018-01-01,57,329,49,6,860,148,Albaha,Domestic
2018-01-01,105,852,151,8,1438,178,Albaha,Domestic
2019-01-01,3,26,15,10,5732,572,Albaha,Inbound
2019-01-01,0,0,0,0,0,0,Albaha,Inbound
2019-01-01,1462,11016,1666,8,1140,151,Albaha,Domestic
2019-01-01,1231,8812,1364,7,1109,155,Albaha,Domestic
2019-01-01,114,892,123,8,1076,138,Albaha,Domestic
2019-01-01,117,1311,179,11,1530,136,Albaha,Domestic
2020-01-01,2,12,8,7,4906,698,Albaha,Inbound
2020-01-01,1,11,8,8,6014,774,Albaha,Inbound
2020-01-01,0,0,0,0,0,0,Albaha,Inbound
2020-01-01,0,1,0,4,399,100,Albaha,Inbound
2020-01-01,1532,11590,1545,8,1009,133,Albaha,Domestic
2020-01-01,1245,8760,1259,7,1011,144,Albaha,Domestic
2020-01-01,131,1179,144,9,1099,122,Albaha,Domestic
2020-01-01,156,1651,143,11,915,86,Albaha,Domestic
2021-01-01,1,5,3,8,4416,576,Albaha,Inbound
2021-01-01,1,5,3,8,4747,595,Albaha,Inbound
2021-01-01,0,0,0,0,0,0,Albaha,Inbound
2021-01-01,0,0,0,4,425,106,Albaha,Inbound
2021-01-01,1100,8743,1411,8,1283,161,Albaha,Domestic
2021-01-01,532,3371,586,6,1102,174,Albaha,Domestic
2021-01-01,276,2354,402,8,1455,171,Albaha,Domestic
2021-01-01,293,3018,424,10,1448,140,Albaha,Domestic
2022-01-01,4,41,9,10,2133,216,Albaha,Inbound
2022-01-01,0,0,0,0,0,0,Albaha,Inbound
2022-01-01,1021,6623,1000,6,980,151,Albaha,Domestic
2022-01-01,784,4622,749,6,955,162,Albaha,Domestic
2022-01-01,100,744,107,7,1066,144,Albaha,Domestic
2022-01-01,137,1256,144,9,1057,115,Albaha,Domestic
2023-01-01,16,110,43,7,2664,393,Albaha,Inbound
2023-01-01,0,0,0,0,0,0,Albaha,Inbound
2023-01-01,1071,7633,1237,7,1155,162,Albaha,Domestic
2023-01-01,785,5907,1003,8,1278,170,Albaha,Domestic
2023-01-01,122,629,101,5,828,160,Albaha,Domestic
2023-01-01,165,1097,134,7,813,122,Albaha,Domestic
2024-01-01,8,54,22,7,2734,410,Albaha,Inbound
2024-01-01,0,0,0,0,0,0,Albaha,Inbound
2024-01-01,1127,10346,1123,9,997,109,Albaha,Domestic
2024-01-01,791,7108,844,9,1067,119,Albaha,Domestic
2024-01-01,107,971,105,9,982,108,Albaha,Domestic
2024-01-01,229,2266,174,10,762,77,Albaha,Domestic
2015-01-01,42,178,144,4,3427,807,Alqassim,Inbound
2015-01-01,16,79,63,5,4022,794,Alqassim,Inbound
2015-01-01,16,62,57,4,3537,907,Alqassim,Inbound
2015-01-01,3,13,9,4,2970,693,Alqassim,Inbound
2015-01-01,7,24,15,3,2104,646,Alqassim,Inbound
2015-01-01,947,3697,832,4,879,225,Alqassim,Domestic
2015-01-01,814,3170,745,4,915,235,Alqassim,Domestic
2015-01-01,58,210,49,4,844,233,Alqassim,Domestic
2015-01-01,35,148,20,4,582,137,Alqassim,Domestic
2015-01-01,40,169,18,4,453,107,Alqassim,Domestic
2016-01-01,34,114,89,3,2642,778,Alqassim,Inbound
2016-01-01,19,63,48,3,2531,763,Alqassim,Inbound
2016-01-01,14,49,39,4,2811,793,Alqassim,Inbound
2016-01-01,0,18848,1765,2,2092,1046,Alqassim,Inbound
2016-01-01,1,2,2,3,2429,866,Alqassim,Inbound
2016-01-01,734,3377,757,5,1032,224,Alqassim,Domestic
2016-01-01,563,2584,622,5,1105,241,Alqassim,Domestic
2016-01-01,96,486,82,5,856,169,Alqassim,Domestic
2016-01-01,40,143,28,4,684,192,Alqassim,Domestic
2016-01-01,34,164,25,5,724,152,Alqassim,Domestic
2017-01-01,68,215,179,3,2621,830,Alqassim,Inbound
2017-01-01,21,70,64,3,3113,914,Alqassim,Inbound
2017-01-01,39,120,95,3,2410,792,Alqassim,Inbound
2017-01-01,1,3,3,3,2453,820,Alqassim,Inbound
2017-01-01,7,22,17,3,2378,771,Alqassim,Inbound
2017-01-01,908,3967,763,4,840,192,Alqassim,Domestic
2017-01-01,648,2692,565,4,872,210,Alqassim,Domestic
2017-01-01,148,655,129,4,867,197,Alqassim,Domestic
2017-01-01,49,380,31,8,634,82,Alqassim,Domestic
2017-01-01,63,240,38,4,609,160,Alqassim,Domestic
2018-01-01,75,244,190,3,2524,777,Alqassim,Inbound
2018-01-01,22,76,58,4,2660,767,Alqassim,Inbound
2018-01-01,41,128,100,3,2470,782,Alqassim,Inbound
2018-01-01,2,6,5,3,2625,852,Alqassim,Inbound
2018-01-01,11,34,26,3,2438,771,Alqassim,Inbound
2018-01-01,1072,6246,1299,6,1212,208,Alqassim,Domestic
2018-01-01,745,4509,935,6,1254,207,Alqassim,Domestic
2018-01-01,154,736,175,5,1139,238,Alqassim,Domestic
2018-01-01,57,397,49,7,858,124,Alqassim,Domestic
2018-01-01,116,603,140,5,1210,232,Alqassim,Domestic
2019-01-01,110,437,406,4,3690,929,Alqassim,Inbound
2019-01-01,29,95,85,3,2919,888,Alqassim,Inbound
2019-01-01,49,149,110,3,2253,741,Alqassim,Inbound
2019-01-01,16,144,175,9,10973,1211,Alqassim,Inbound
2019-01-01,16,49,37,3,2262,751,Alqassim,Inbound
2019-01-01,1445,9020,1871,6,1295,207,Alqassim,Domestic
2019-01-01,859,5211,1235,6,1437,237,Alqassim,Domestic
2019-01-01,313,1964,341,6,1089,174,Alqassim,Domestic
2019-01-01,106,744,97,7,917,131,Alqassim,Domestic
2019-01-01,166,1101,197,7,1189,179,Alqassim,Domestic
2020-01-01,39,250,122,6,3167,488,Alqassim,Inbound
2020-01-01,25,209,88,8,3580,422,Alqassim,Inbound
2020-01-01,8,25,20,3,2401,812,Alqassim,Inbound
2020-01-01,0,1,1,3,3038,1017,Alqassim,Inbound
2020-01-01,5,14,12,3,2423,843,Alqassim,Inbound
2020-01-01,2038,11335,1818,6,892,160,Alqassim,Domestic
2020-01-01,935,4842,954,5,1020,197,Alqassim,Domestic
2020-01-01,527,2914,446,6,847,153,Alqassim,Domestic
2020-01-01,181,1119,128,6,705,114,Alqassim,Domestic
2020-01-01,394,2460,289,6,734,118,Alqassim,Domestic
2021-01-01,56,405,239,7,4253,589,Alqassim,Inbound
2021-01-01,46,371,216,8,4664,582,Alqassim,Inbound
2021-01-01,7,23,16,4,2380,678,Alqassim,Inbound
2021-01-01,1,4,3,3,2067,680,Alqassim,Inbound
2021-01-01,2,6,4,4,2319,623,Alqassim,Inbound
2021-01-01,3768,22722,3877,6,1029,171,Alqassim,Domestic
2021-01-01,1547,8122,1677,5,1084,206,Alqassim,Domestic
2021-01-01,420,2448,351,6,835,143,Alqassim,Domestic
2021-01-01,431,2973,418,7,969,140,Alqassim,Domestic
2021-01-01,1370,9180,1432,7,1045,156,Alqassim,Domestic
2022-01-01,202,1899,636,9,3153,335,Alqassim,Inbound
2022-01-01,101,806,279,8,2752,346,Alqassim,Inbound
2022-01-01,80,678,270,8,3376,398,Alqassim,Inbound
2022-01-01,15,366,73,24,4838,199,Alqassim,Inbound
2022-01-01,5,50,15,9,2671,292,Alqassim,Inbound
2022-01-01,4054,19498,4479,5,1105,230,Alqassim,Domestic
2022-01-01,2323,11155,2745,5,1182,246,Alqassim,Domestic
2022-01-01,491,2180,503,4,1024,231,Alqassim,Domestic
2022-01-01,382,1735,375,4,982,216,Alqassim,Domestic
2022-01-01,858,4428,856,5,998,193,Alqassim,Domestic
2023-01-01,126,814,288,6,2284,354,Alqassim,Inbound
2023-01-01,86,589,191,7,2228,324,Alqassim,Inbound
2023-01-01,35,204,90,6,2583,442,Alqassim,Inbound
2023-01-01,4,13,5,4,1277,368,Alqassim,Inbound
2023-01-01,2,8,2,4,1242,298,Alqassim,Inbound
2023-01-01,4565,27272,5654,6,1239,207,Alqassim,Domestic
2023-01-01,3415,20399,4212,6,1234,206,Alqassim,Domestic
2023-01-01,595,2609,678,4,1140,260,Alqassim,Domestic
2023-01-01,177,1083,302,6,1712,279,Alqassim,Domestic
2023-01-01,379,3182,462,8,1220,145,Alqassim,Domestic
2024-01-01,317,18848,1765,59,5562,94,Alqassim,Inbound
2024-01-01,261,15949,1540,61,5889,97,Alqassim,Inbound
2024-01-01,27,969,80,36,2972,83,Alqassim,Inbound
2024-01-01,12,783,55,67,4723,71,Alqassim,Inbound
2024-01-01,17,1146,90,67,5250,78,Alqassim,Inbound
2024-01-01,4872,31343,5690,6,1168,182,Alqassim,Domestic
2024-01-01,3700,24517,4567,7,1234,186,Alqassim,Domestic
2024-01-01,654,3398,624,5,954,184,Alqassim,Domestic
2024-01-01,264,1580,265,6,1006,168,Alqassim,Domestic
2024-01-01,255,1848,233,7,914,126,Alqassim,Domestic
2015-01-01,5092,36593,6482,7,1273,177,Aseer,Domestic
2015-01-01,3426,27804,4602,8,1343,166,Aseer,Domestic
2015-01-01,406,2051,741,5,1825,361,Aseer,Domestic
2015-01-01,1259,6738,1139,5,905,169,Aseer,Domestic
2015-01-01,59,842,503,14,8489,597,Aseer,Inbound
2015-01-01,41,440,335,11,8083,761,Aseer,Inbound
2015-01-01,8,118,37,16,4824,312,Aseer,Inbound
2015-01-01,10,284,131,28,12900,462,Aseer,Inbound
2016-01-01,4988,38995,7690,8,1542,197,Aseer,Domestic
2016-01-01,3009,24904,4770,8,1585,192,Aseer,Domestic
2016-01-01,363,2322,522,6,1438,225,Aseer,Domestic
2016-01-01,1617,11768,2398,7,1484,204,Aseer,Domestic
2016-01-01,4,24,14,6,3675,600,Aseer,Inbound
2016-01-01,3,22,12,7,3990,556,Aseer,Inbound
2016-01-01,187,3063,823,3,2950,983,Aseer,Inbound
2016-01-01,1,2,2,3,2621,969,Aseer,Inbound
2017-01-01,5322,38794,5889,7,1106,152,Aseer,Domestic
2017-01-01,3392,25196,3846,7,1134,153,Aseer,Domestic
2017-01-01,386,3475,493,9,1277,142,Aseer,Domestic
2017-01-01,1544,10123,1550,7,1004,153,Aseer,Domestic
2017-01-01,1,7,4,8,4571,571,Aseer,Inbound
2017-01-01,187,3063,823,36,12900,983,Aseer,Inbound
2018-01-01,4923,37355,6077,8,1235,163,Aseer,Domestic
2018-01-01,3336,25232,4048,8,1214,160,Aseer,Domestic
2018-01-01,410,2737,542,7,1323,198,Aseer,Domestic
2018-01-01,1177,9385,1487,8,1263,158,Aseer,Domestic
2018-01-01,99,2703,362,27,3660,134,Aseer,Inbound
2018-01-01,72,1909,218,27,3050,114,Aseer,Inbound
2018-01-01,2,23,3,9,1428,154,Aseer,Inbound
2018-01-01,25,771,140,31,5640,181,Aseer,Inbound
2019-01-01,4943,38034,6409,8,1296,169,Aseer,Domestic
2019-01-01,3087,22993,4302,8,1394,187,Aseer,Domestic
2019-01-01,590,4599,654,8,1109,142,Aseer,Domestic
2019-01-01,1267,10441,1453,8,1147,139,Aseer,Domestic
2019-01-01,24,607,168,26,7070,277,Aseer,Inbound
2019-01-01,15,358,114,24,7480,318,Aseer,Inbound
2019-01-01,187,3063,823,8,3035,393,Aseer,Inbound
2019-01-01,8,248,54,29,6348,217,Aseer,Inbound
2020-01-01,4585,33554,5201,7,1134,155,Aseer,Domestic
2020-01-01,2361,16896,3309,7,1401,196,Aseer,Domestic
2020-01-01,789,5408,645,7,817,119,Aseer,Domestic
2020-01-01,1434,11249,1246,8,869,111,Aseer,Domestic
2020-01-01,15,143,43,10,2933,300,Aseer,Inbound
2020-01-01,9,109,30,12,3333,277,Aseer,Inbound
2020-01-01,187,3063,823,3,1900,633,Aseer,Inbound
2020-01-01,6,35,13,6,2291,371,Aseer,Inbound
2021-01-01,5269,42703,8183,8,1553,192,Aseer,Domestic
2021-01-01,1978,14722,3568,7,1804,242,Aseer,Domestic
2021-01-01,979,7811,1615,8,1649,207,Aseer,Domestic
2021-01-01,2311,20170,3000,9,1298,149,Aseer,Domestic
2021-01-01,20,312,105,15,5193,338,Aseer,Inbound
2021-01-01,14,223,64,16,4476,285,Aseer,Inbound
2021-01-01,4,65,37,15,8658,569,Aseer,Inbound
2021-01-01,2,24,5,13,2679,203,Aseer,Inbound
2022-01-01,5971,39079,7068,6,1184,181,Aseer,Domestic
2022-01-01,2308,15059,3414,6,1479,227,Aseer,Domestic
2022-01-01,1179,8142,1329,7,1127,163,Aseer,Domestic
2022-01-01,2484,15878,2325,6,936,146,Aseer,Domestic
2022-01-01,74,1666,361,22,4869,216,Aseer,Inbound
2022-01-01,44,665,146,15,3333,220,Aseer,Inbound
2022-01-01,19,676,168,36,8832,249,Aseer,Inbound
2022-01-01,11,325,46,29,4150,142,Aseer,Inbound
2023-01-01,6906,61405,9535,9,1381,155,Aseer,Domestic
2023-01-01,2723,21211,3896,8,1431,184,Aseer,Domestic
2023-01-01,1442,14121,2193,10,1521,155,Aseer,Domestic
2023-01-01,2741,26073,3446,10,1257,132,Aseer,Domestic
2023-01-01,187,3063,823,16,4404,269,Aseer,Inbound
2023-01-01,84,843,274,10,3253,324,Aseer,Inbound
2023-01-01,29,559,154,19,5243,275,Aseer,Inbound
2023-01-01,74,1660,396,23,5385,238,Aseer,Inbound
2024-01-01,7334,61211,8599,8,1172,140,Aseer,Domestic
2024-01-01,2857,20681,3731,7,1306,180,Aseer,Domestic
2024-01-01,1467,13687,1806,9,1231,132,Aseer,Domestic
2024-01-01,3009,26842,3061,9,1017,114,Aseer,Domestic
2024-01-01,158,2997,516,19,3273,172,Aseer,Inbound
2024-01-01,92,970,281,10,3037,289,Aseer,Inbound
2024-01-01,25,716,113,28,4457,158,Aseer,Inbound
2024-01-01,40,1312,122,33,3067,93,Aseer,Inbound
2015-01-01,5285,24311,5250,5,993,216,Eastern_region,Domestic
2015-01-01,374,1247,208,3,557,167,Eastern_region,Domestic
2015-01-01,1101,4545,1104,4,1003,243,Eastern_region,Domestic
2015-01-01,3252,16049,3374,5,1037,210,Eastern_region,Domestic
2015-01-01,558,2469,564,4,1010,228,Eastern_region,Domestic
2015-01-01,4397,41369,15580,9,3543,377,Eastern_region,Inbound
2015-01-01,1004,8563,3783,8,3768,442,Eastern_region,Inbound
2015-01-01,772,9400,3416,12,4424,363,Eastern_region,Inbound
2015-01-01,1681,20697,6774,12,4030,327,Eastern_region,Inbound
2015-01-01,940,2709,1608,3,1711,593,Eastern_region,Inbound
2016-01-01,3851,18280,4636,5,1204,254,Eastern_region,Domestic
2016-01-01,276,1185,212,4,770,179,Eastern_region,Domestic
2016-01-01,622,2884,765,5,1229,265,Eastern_region,Domestic
2016-01-01,2559,12398,3275,5,1280,264,Eastern_region,Domestic
2016-01-01,394,1812,385,5,976,212,Eastern_region,Domestic
2016-01-01,3930,15342,8980,4,2285,585,Eastern_region,Inbound
2016-01-01,648,1894,1448,3,2235,764,Eastern_region,Inbound
2016-01-01,528,3402,1107,6,2099,326,Eastern_region,Inbound
2016-01-01,1788,7407,4883,4,2731,659,Eastern_region,Inbound
2016-01-01,967,2641,1542,3,1595,584,Eastern_region,Inbound
2017-01-01,3567,20131,3794,6,1064,188,Eastern_region,Domestic
2017-01-01,246,1209,143,5,581,119,Eastern_region,Domestic
2017-01-01,474,3773,554,8,1170,147,Eastern_region,Domestic
2017-01-01,2387,12425,2689,5,1127,216,Eastern_region,Domestic
2017-01-01,459,2725,407,6,885,149,Eastern_region,Domestic
2017-01-01,3002,9013,7539,3,2511,836,Eastern_region,Inbound
2017-01-01,356,930,605,3,1699,651,Eastern_region,Inbound
2017-01-01,236,604,402,3,1704,666,Eastern_region,Inbound
2017-01-01,1699,5686,5451,3,3209,959,Eastern_region,Inbound
2017-01-01,711,1792,1080,2,1518,602,Eastern_region,Inbound
2018-01-01,4093,23744,4830,6,1180,203,Eastern_region,Domestic
2018-01-01,286,1664,246,6,860,148,Eastern_region,Domestic
2018-01-01,612,4167,718,7,1172,172,Eastern_region,Domestic
2018-01-01,2558,13735,2920,5,1141,213,Eastern_region,Domestic
2018-01-01,636,4178,947,7,1488,227,Eastern_region,Domestic
2018-01-01,2599,8062,7158,3,2754,888,Eastern_region,Inbound
2018-01-01,284,794,389,3,1372,491,Eastern_region,Inbound
2018-01-01,183,469,275,3,1502,587,Eastern_region,Inbound
2018-01-01,1516,5217,5708,3,3765,1094,Eastern_region,Inbound
2018-01-01,616,1581,785,3,1276,497,Eastern_region,Inbound
2019-01-01,4514,25155,6218,6,1378,247,Eastern_region,Domestic
2019-01-01,384,2750,441,7,1146,160,Eastern_region,Domestic
2019-01-01,840,4003,983,5,1171,246,Eastern_region,Domestic
2019-01-01,2571,13796,3672,5,1428,266,Eastern_region,Domestic
2019-01-01,718,4607,1122,6,1563,244,Eastern_region,Domestic
2019-01-01,2900,11190,9537,4,3289,852,Eastern_region,Inbound
2019-01-01,314,909,455,3,1450,501,Eastern_region,Inbound
2019-01-01,308,1501,727,5,2361,485,Eastern_region,Inbound
2019-01-01,1618,6945,7477,4,4622,1077,Eastern_region,Inbound
2019-01-01,660,1836,878,3,1329,478,Eastern_region,Inbound
2020-01-01,4284,20863,4374,5,1021,210,Eastern_region,Domestic
2020-01-01,587,4288,544,7,927,127,Eastern_region,Domestic
2020-01-01,879,3325,719,4,818,216,Eastern_region,Domestic
2020-01-01,1937,8419,2188,4,1130,260,Eastern_region,Domestic
2020-01-01,882,4831,923,6,1046,191,Eastern_region,Domestic
2020-01-01,921,4210,2744,5,2981,652,Eastern_region,Inbound
2020-01-01,103,363,157,4,1529,432,Eastern_region,Inbound
2020-01-01,201,1187,590,6,2939,497,Eastern_region,Inbound
2020-01-01,398,1907,1602,5,4026,840,Eastern_region,Inbound
2020-01-01,219,753,395,3,1802,524,Eastern_region,Inbound
2021-01-01,9273,49840,14639,5,1579,294,Eastern_region,Domestic
2021-01-01,2335,17489,5243,8,2245,300,Eastern_region,Domestic
2021-01-01,1458,5690,1791,4,1228,315,Eastern_region,Domestic
2021-01-01,2388,9303,3360,4,1407,361,Eastern_region,Domestic
2021-01-01,3091,17359,4245,6,1373,245,Eastern_region,Domestic
2021-01-01,1188,6315,2906,5,2447,460,Eastern_region,Inbound
2021-01-01,160,491,158,3,987,323,Eastern_region,Inbound
2021-01-01,321,1941,790,6,2460,407,Eastern_region,Inbound
2021-01-01,412,2596,1417,6,3440,546,Eastern_region,Inbound
2021-01-01,294,1288,541,4,1838,420,Eastern_region,Inbound
2022-01-01,11139,47441,12683,4,1139,267,Eastern_region,Domestic
2022-01-01,2748,13071,3126,5,1138,239,Eastern_region,Domestic
2022-01-01,1485,5042,1670,3,1125,331,Eastern_region,Domestic
2022-01-01,3212,12865,3999,4,1245,311,Eastern_region,Domestic
2022-01-01,3695,16464,3888,4,1052,236,Eastern_region,Domestic
2022-01-01,3998,22678,9160,6,2291,404,Eastern_region,Inbound
2022-01-01,770,2888,901,4,1171,312,Eastern_region,Inbound
2022-01-01,1150,12066,5372,10,4669,445,Eastern_region,Inbound
2022-01-01,1100,4776,1783,4,1620,373,Eastern_region,Inbound
2022-01-01,978,2949,1104,3,1129,374,Eastern_region,Inbound
2023-01-01,13457,82944,16792,6,1248,202,Eastern_region,Domestic
2023-01-01,2899,17960,3143,6,1084,175,Eastern_region,Domestic
2023-01-01,1693,7418,2038,4,1204,275,Eastern_region,Domestic
2023-01-01,4392,25443,6267,6,1427,246,Eastern_region,Domestic
2023-01-01,4473,32123,5344,7,1195,166,Eastern_region,Domestic
2023-01-01,5667,26769,11037,5,1948,412,Eastern_region,Inbound
2023-01-01,1172,3722,1368,3,1167,367,Eastern_region,Inbound
2023-01-01,1470,10942,4864,7,3308,445,Eastern_region,Inbound
2023-01-01,1474,6951,3034,5,2058,437,Eastern_region,Inbound
2023-01-01,1551,5154,1771,3,1142,344,Eastern_region,Inbound
2024-01-01,13644,81591,16422,6,1204,201,Eastern_region,Domestic
2024-01-01,3002,16313,2885,5,961,177,Eastern_region,Domestic
2024-01-01,1955,8267,2235,4,1143,270,Eastern_region,Domestic
2024-01-01,4550,28878,6547,6,1439,227,Eastern_region,Domestic
2024-01-01,4138,28134,4755,7,1149,169,Eastern_region,Domestic
2024-01-01,4998,26689,8666,5,1734,325,Eastern_region,Inbound
2024-01-01,1033,2716,1347,3,1304,496,Eastern_region,Inbound
2024-01-01,1270,10570,3464,8,2727,328,Eastern_region,Inbound
2024-01-01,1301,8205,2362,6,1815,288,Eastern_region,Inbound
2024-01-01,1393,5198,1493,4,1072,287,Eastern_region,Inbound
2015-01-01,44,122,107,3,2426,871,Hail,Inbound
2015-01-01,44,121,104,3,2394,860,Hail,Inbound
2015-01-01,0,1,2,3,5961,1987,Hail,Inbound
2015-01-01,672,4307,595,6,885,138,Hail,Domestic
2015-01-01,632,4181,572,7,906,137,Hail,Domestic
2015-01-01,40,126,22,3,557,177,Hail,Domestic
2016-01-01,17,82,33,5,1945,399,Hail,Inbound
2016-01-01,16,80,32,5,2003,405,Hail,Inbound
2016-01-01,1,2,2273,3,338,113,Hail,Inbound
2016-01-01,455,2584,433,6,952,168,Hail,Domestic
2016-01-01,447,2569,432,6,966,168,Hail,Domestic
2016-01-01,8,15,1,2,171,86,Hail,Domestic
2017-01-01,11,43,30,4,2870,711,Hail,Inbound
2017-01-01,465,2484,388,5,835,156,Hail,Domestic
2017-01-01,435,2419,378,6,869,156,Hail,Domestic
2017-01-01,30,65,10,2,329,150,Hail,Domestic
2018-01-01,13,62,43,5,3276,689,Hail,Inbound
2018-01-01,791,4671,782,6,989,167,Hail,Domestic
2018-01-01,664,4163,714,6,1076,172,Hail,Domestic
2018-01-01,127,507,68,4,533,133,Hail,Domestic
2019-01-01,15,45,37,3,2557,828,Hail,Inbound
2019-01-01,973,6536,1020,7,1048,156,Hail,Domestic
2019-01-01,831,5770,928,7,1116,161,Hail,Domestic
2019-01-01,142,766,92,5,648,120,Hail,Domestic
2020-01-01,10,205,42,20,4160,203,Hail,Inbound
2020-01-01,1160,7770,1050,7,905,135,Hail,Domestic
2020-01-01,944,6447,885,7,937,137,Hail,Domestic
2020-01-01,216,1323,165,6,761,125,Hail,Domestic
2021-01-01,90,2854,355,32,3927,124,Hail,Inbound
2021-01-01,1850,12938,2668,7,1442,206,Hail,Domestic
2021-01-01,1231,9165,1991,8,1617,217,Hail,Domestic
2021-01-01,619,3773,677,6,1094,179,Hail,Domestic
2022-01-01,136,5741,378,42,2786,66,Hail,Inbound
2022-01-01,2149,13786,4008,6,1865,291,Hail,Domestic
2022-01-01,1814,12179,3713,7,2047,305,Hail,Domestic
2022-01-01,335,1608,295,5,880,183,Hail,Domestic
2023-01-01,358,17610,2273,49,6353,129,Hail,Inbound
2023-01-01,1836,12808,2780,7,1514,217,Hail,Domestic
2023-01-01,1677,10958,2665,6,1589,243,Hail,Domestic
2023-01-01,159,1851,115,12,727,62,Hail,Domestic
2024-01-01,326,18860,1359,58,4167,72,Hail,Inbound
2024-01-01,1841,13792,2550,8,1385,185,Hail,Domestic
2024-01-01,1798,13233,2512,7,1397,190,Hail,Domestic
2024-01-01,43,560,38,13,878,67,Hail,Domestic
2015-01-01,20,782,208,39,10348,267,Jazan,Inbound
2015-01-01,10,359,109,37,11195,304,Jazan,Inbound
2015-01-01,10,422,99,41,9552,235,Jazan,Inbound
2015-01-01,2076,13471,2052,6,989,152,Jazan,Domestic
2015-01-01,1794,11057,1764,6,984,160,Jazan,Domestic
2015-01-01,282,2414,288,9,1022,119,Jazan,Domestic
2016-01-01,35,1,1,3,3968,1323,Jazan,Inbound
2016-01-01,35,2090,208,3,2775,925,Jazan,Inbound
2016-01-01,0,2090,1,3,4840,1613,Jazan,Inbound
2016-01-01,2352,15253,3389,6,1441,222,Jazan,Domestic
2016-01-01,2028,12995,3000,6,1479,231,Jazan,Domestic
2016-01-01,324,2258,388,7,1198,172,Jazan,Domestic
2017-01-01,6,21,19,3,3032,891,Jazan,Inbound
2017-01-01,1885,12919,2380,7,1262,184,Jazan,Domestic
2017-01-01,1508,9850,2009,6,1332,204,Jazan,Domestic
2017-01-01,377,3070,371,8,984,121,Jazan,Domestic
2018-01-01,13,319,90,25,7130,284,Jazan,Inbound
2018-01-01,4,138,56,32,13051,408,Jazan,Inbound
2018-01-01,8,181,34,22,4080,189,Jazan,Inbound
2018-01-01,2238,14540,2598,6,1161,179,Jazan,Domestic
2018-01-01,1724,11202,1986,6,1152,177,Jazan,Domestic
2018-01-01,515,3339,611,6,1188,183,Jazan,Domestic
2019-01-01,16,539,59,34,3689,110,Jazan,Inbound
2019-01-01,6,339,37,59,6406,108,Jazan,Inbound
2019-01-01,10,200,23,19,2188,113,Jazan,Inbound
2019-01-01,2352,15724,2890,7,1229,184,Jazan,Domestic
2019-01-01,1635,10846,2014,7,1231,186,Jazan,Domestic
2019-01-01,716,4878,876,7,1223,180,Jazan,Domestic
2020-01-01,9,138,28,16,3262,202,Jazan,Inbound
2020-01-01,1,31,9,22,6493,289,Jazan,Inbound
2020-01-01,7,107,19,15,2636,176,Jazan,Inbound
2020-01-01,2053,12820,1639,6,798,128,Jazan,Domestic
2020-01-01,1084,7169,1049,7,968,146,Jazan,Domestic
2020-01-01,970,5651,590,6,608,104,Jazan,Domestic
2021-01-01,5,142,30,30,6482,214,Jazan,Inbound
2021-01-01,1,43,10,31,7679,246,Jazan,Inbound
2021-01-01,3,99,20,30,5988,200,Jazan,Inbound
2021-01-01,3278,25875,3773,8,1151,146,Jazan,Domestic
2021-01-01,821,5235,975,6,1187,186,Jazan,Domestic
2021-01-01,2457,20641,2798,8,1139,136,Jazan,Domestic
2022-01-01,35,2090,175,59,4928,84,Jazan,Inbound
2022-01-01,15,922,100,63,6824,109,Jazan,Inbound
2022-01-01,21,1168,75,56,3590,64,Jazan,Inbound
2022-01-01,2488,13021,2339,5,940,180,Jazan,Domestic
2022-01-01,1134,5761,1101,5,971,191,Jazan,Domestic
2022-01-01,1354,7260,1238,5,915,171,Jazan,Domestic
2023-01-01,15,120,46,8,3097,383,Jazan,Inbound
2023-01-01,7,59,26,8,3579,434,Jazan,Inbound
2023-01-01,8,61,20,8,2649,334,Jazan,Inbound
2023-01-01,2923,19679,3716,7,1271,189,Jazan,Domestic
2023-01-01,1160,6219,1346,5,1161,216,Jazan,Domestic
2023-01-01,1763,13461,2370,8,1344,176,Jazan,Domestic
2024-01-01,13,553,53,42,4007,97,Jazan,Inbound
2024-01-01,13,552,53,42,4078,97,Jazan,Inbound
2024-01-01,35,1,208,3,438,146,Jazan,Inbound
2024-01-01,2936,16840,2858,6,973,170,Jazan,Domestic
2024-01-01,1048,5896,1233,6,1176,209,Jazan,Domestic
2024-01-01,1888,10944,1625,6,861,149,Jazan,Domestic
2015-01-01,464,1515,242,3,523,160,Jouf,Domestic
2015-01-01,57,197,29,4,513,148,Jouf,Domestic
2015-01-01,383,1241,187,3,488,151,Jouf,Domestic
2015-01-01,24,76,27,3,1107,347,Jouf,Domestic
2015-01-01,32,168,93,5,2917,554,Jouf,Inbound
2015-01-01,6,26,17,4,2705,653,Jouf,Inbound
2015-01-01,26,142,76,6,2957,533,Jouf,Inbound
2015-01-01,0,0,1,4,5568,1392,Jouf,Inbound
2016-01-01,326,1305,214,4,658,164,Jouf,Domestic
2016-01-01,106,265,54,2,514,206,Jouf,Domestic
2016-01-01,214,1028,154,5,722,150,Jouf,Domestic
2016-01-01,6,12,5,2,905,434,Jouf,Domestic
2016-01-01,47,409,196,9,4171,479,Jouf,Inbound
2016-01-01,23,220,97,10,4277,438,Jouf,Inbound
2016-01-01,24,188,99,8,4078,526,Jouf,Inbound
2016-01-01,0,1,1,4,3383,846,Jouf,Inbound
2017-01-01,284,1626,248,6,873,153,Jouf,Domestic
2017-01-01,86,358,65,4,760,183,Jouf,Domestic
2017-01-01,170,1197,160,7,938,133,Jouf,Domestic
2017-01-01,28,72,23,2,826,325,Jouf,Domestic
2017-01-01,54,348,238,6,4408,684,Jouf,Inbound
2017-01-01,30,204,133,7,4492,654,Jouf,Inbound
2017-01-01,23,142,101,6,4361,715,Jouf,Inbound
2017-01-01,1,2,3,2,3095,1365,Jouf,Inbound
2018-01-01,393,2540,641,6,1629,252,Jouf,Domestic
2018-01-01,126,1013,279,8,2215,276,Jouf,Domestic
2018-01-01,249,1453,344,6,1378,236,Jouf,Domestic
2018-01-01,18,73,18,4,1002,242,Jouf,Domestic
2018-01-01,58,413,242,7,4178,585,Jouf,Inbound
2018-01-01,31,244,141,8,4489,577,Jouf,Inbound
2018-01-01,26,167,100,6,3893,596,Jouf,Inbound
2018-01-01,1,2,1,2,1544,698,Jouf,Inbound
2019-01-01,524,3291,944,6,1801,287,Jouf,Domestic
2019-01-01,162,1314,343,8,2119,261,Jouf,Domestic
2019-01-01,325,1827,546,6,1680,299,Jouf,Domestic
2019-01-01,37,151,55,4,1473,366,Jouf,Domestic
2019-01-01,43,152,136,4,3144,896,Jouf,Inbound
2019-01-01,10,52,40,5,3965,781,Jouf,Inbound
2019-01-01,32,99,94,3,2908,953,Jouf,Inbound
2019-01-01,1,2,2,2,2247,1159,Jouf,Inbound
2020-01-01,779,3818,1010,5,1298,265,Jouf,Domestic
2020-01-01,216,1332,315,6,1459,237,Jouf,Domestic
2020-01-01,513,2296,632,4,1232,275,Jouf,Domestic
2020-01-01,49,190,63,4,1271,331,Jouf,Domestic
2020-01-01,18,115,83,6,4557,720,Jouf,Inbound
2020-01-01,9,80,50,9,5654,625,Jouf,Inbound
2020-01-01,9,32,31,4,3443,979,Jouf,Inbound
2020-01-01,0,3,1,12,6006,503,Jouf,Inbound
2021-01-01,848,4347,1619,5,1908,372,Jouf,Domestic
2021-01-01,220,1055,507,5,2309,481,Jouf,Domestic
2021-01-01,578,3039,1014,5,1756,334,Jouf,Domestic
2021-01-01,51,254,97,5,1906,383,Jouf,Domestic
2021-01-01,18,84,73,5,4113,871,Jouf,Inbound
2021-01-01,4,50,28,11,6480,568,Jouf,Inbound
2021-01-01,13,29,41,2,3213,1395,Jouf,Inbound
2021-01-01,1,5,4,7,5853,807,Jouf,Inbound
2022-01-01,1253,5941,2621,5,2092,441,Jouf,Domestic
2022-01-01,265,1404,829,5,3123,590,Jouf,Domestic
2022-01-01,916,4223,1708,5,1865,405,Jouf,Domestic
2022-01-01,71,314,83,4,1171,265,Jouf,Domestic
2022-01-01,52,887,171,17,3259,193,Jouf,Inbound
2022-01-01,28,689,117,24,4172,170,Jouf,Inbound
2022-01-01,23,154,47,7,2002,305,Jouf,Inbound
2022-01-01,1,43,7,50,7640,154,Jouf,Inbound
2023-01-01,1139,8625,1683,8,1478,195,Jouf,Domestic
2023-01-01,338,3274,423,10,1250,129,Jouf,Domestic
2023-01-01,709,4756,1136,7,1602,239,Jouf,Domestic
2023-01-01,91,594,124,6,1356,208,Jouf,Domestic
2023-01-01,197,2343,438,12,2224,187,Jouf,Inbound
2023-01-01,110,1488,255,14,2324,171,Jouf,Inbound
2023-01-01,80,801,171,10,2131,214,Jouf,Inbound
2023-01-01,7,54,12,8,1715,214,Jouf,Inbound
2024-01-01,1159,9587,1571,8,1355,164,Jouf,Domestic
2024-01-01,351,3524,468,10,1333,133,Jouf,Domestic
2024-01-01,717,4955,964,7,1344,195,Jouf,Domestic
2024-01-01,92,1109,140,12,1526,126,Jouf,Domestic
2024-01-01,331,4461,768,14,2320,172,Jouf,Inbound
2024-01-01,181,1571,327,9,1802,208,Jouf,Inbound
2024-01-01,140,2797,425,20,3032,152,Jouf,Inbound
2024-01-01,10,92,16,10,1728,178,Jouf,Inbound
2015-01-01,7361,29629,5105,4,694,172,Madinah,Domestic
2015-01-01,105,488,72,5,687,148,Madinah,Domestic
2015-01-01,5713,24634,3963,4,694,161,Madinah,Domestic
2015-01-01,1464,4101,1021,3,697,249,Madinah,Domestic
2015-01-01,79,406,49,5,621,121,Madinah,Domestic
2015-01-01,308,4776,843,16,2737,176,Madinah,Inbound
2015-01-01,2,9,12,4,5885,1298,Madinah,Inbound
2015-01-01,300,4687,801,16,2672,171,Madinah,Inbound
2015-01-01,6,72,28,13,4891,384,Madinah,Inbound
2015-01-01,0,8,2,16,4197,271,Madinah,Inbound
2016-01-01,7879,31190,5472,4,695,175,Madinah,Domestic
2016-01-01,164,632,69,4,421,109,Madinah,Domestic
2016-01-01,6116,26382,4560,4,746,173,Madinah,Domestic
2016-01-01,1538,3981,821,3,534,206,Madinah,Domestic
2016-01-01,61,195,22,3,351,110,Madinah,Domestic
2016-01-01,324,6541,1229,20,3800,188,Madinah,Inbound
2016-01-01,439,7,2,33,8029,243,Madinah,Inbound
2016-01-01,320,6490,1209,20,3782,186,Madinah,Inbound
2016-01-01,4,43,19,12,5287,434,Madinah,Inbound
2016-01-01,0,7860,1842,3,1400,467,Madinah,Inbound
2017-01-01,7236,29655,5200,4,719,175,Madinah,Domestic
2017-01-01,85,653,53,8,624,81,Madinah,Domestic
2017-01-01,5450,22585,4039,4,741,179,Madinah,Domestic
2017-01-01,1635,6032,1051,4,643,174,Madinah,Domestic
2017-01-01,66,385,56,6,844,145,Madinah,Domestic
2017-01-01,63,452,396,7,6264,877,Madinah,Inbound
2017-01-01,2,6,5,3,2642,881,Madinah,Inbound
2017-01-01,59,437,384,7,6485,879,Madinah,Inbound
2017-01-01,2,8,6,5,3637,755,Madinah,Inbound
2017-01-01,439,1,1,3,2546,859,Madinah,Inbound
2018-01-01,6552,27591,5329,4,813,193,Madinah,Domestic
2018-01-01,118,622,76,5,648,123,Madinah,Domestic
2018-01-01,5030,21679,4188,4,833,193,Madinah,Domestic
2018-01-01,1344,4898,967,4,720,197,Madinah,Domestic
2018-01-01,60,392,97,6,1610,248,Madinah,Domestic
2018-01-01,49,1101,599,23,12319,544,Madinah,Inbound
2018-01-01,3,10,9,3,2641,899,Madinah,Inbound
2018-01-01,33,243,124,7,3745,511,Madinah,Inbound
2018-01-01,12,848,465,71,39009,549,Madinah,Inbound
2018-01-01,439,1,1,3,2713,904,Madinah,Inbound
2019-01-01,7243,29797,5897,4,814,198,Madinah,Domestic
2019-01-01,151,779,211,5,1393,270,Madinah,Domestic
2019-01-01,5303,22531,4429,4,835,197,Madinah,Domestic
2019-01-01,1696,5913,1158,4,683,196,Madinah,Domestic
2019-01-01,94,573,100,6,1065,174,Madinah,Domestic
2019-01-01,56,508,234,9,4205,460,Madinah,Inbound
2019-01-01,7,24,22,4,3211,921,Madinah,Inbound
2019-01-01,46,436,189,10,4149,434,Madinah,Inbound
2019-01-01,2,46,21,19,8749,456,Madinah,Inbound
2019-01-01,1,2,2,3,2138,746,Madinah,Inbound
2020-01-01,5611,22054,4396,4,783,199,Madinah,Domestic
2020-01-01,317,1623,389,5,1225,240,Madinah,Domestic
2020-01-01,3301,14122,2937,4,890,208,Madinah,Domestic
2020-01-01,1854,5600,993,3,535,177,Madinah,Domestic
2020-01-01,138,710,77,5,561,109,Madinah,Domestic
2020-01-01,12,80,46,7,3966,573,Madinah,Inbound
2020-01-01,4,16,19,5,5348,1165,Madinah,Inbound
2020-01-01,8,62,26,8,3429,411,Madinah,Inbound
2020-01-01,0,2,1,3,2606,824,Madinah,Inbound
2020-01-01,0,7860,1842,4,2368,660,Madinah,Inbound
2021-01-01,4365,18415,5717,4,1310,310,Madinah,Domestic
2021-01-01,251,1065,571,4,2275,536,Madinah,Domestic
2021-01-01,3055,13018,3990,4,1306,307,Madinah,Domestic
2021-01-01,766,2407,825,3,1076,343,Madinah,Domestic
2021-01-01,292,1924,331,7,1132,172,Madinah,Domestic
2021-01-01,19,253,72,13,3732,286,Madinah,Inbound
2021-01-01,7,71,29,10,4080,411,Madinah,Inbound
2021-01-01,12,178,42,15,3527,234,Madinah,Inbound
2021-01-01,439,3,1,13,4316,334,Madinah,Inbound
2021-01-01,439,1,1842,3,2356,698,Madinah,Inbound
2022-01-01,6221,24481,7572,4,1217,309,Madinah,Domestic
2022-01-01,279,1075,594,4,2128,552,Madinah,Domestic
2022-01-01,4737,18340,5762,4,1216,314,Madinah,Domestic
2022-01-01,712,2567,846,4,1188,329,Madinah,Domestic
2022-01-01,493,2499,371,5,752,148,Madinah,Domestic
2022-01-01,121,2484,662,21,5477,266,Madinah,Inbound
2022-01-01,50,667,334,13,6651,501,Madinah,Inbound
2022-01-01,69,1802,321,26,4623,178,Madinah,Inbound
2022-01-01,1,9,5,16,9552,578,Madinah,Inbound
2022-01-01,1,6,2,9,2517,274,Madinah,Inbound
2023-01-01,6003,27438,6265,5,1044,228,Madinah,Domestic
2023-01-01,372,1713,517,5,1387,302,Madinah,Domestic
2023-01-01,4527,18842,4570,4,1009,243,Madinah,Domestic
2023-01-01,833,4124,908,5,1090,220,Madinah,Domestic
2023-01-01,271,2759,271,10,1001,98,Madinah,Domestic
2023-01-01,321,4667,1337,14,4166,287,Madinah,Inbound
2023-01-01,113,1027,463,9,4112,451,Madinah,Inbound
2023-01-01,186,3516,824,19,4431,234,Madinah,Inbound
2023-01-01,21,119,48,6,2291,400,Madinah,Inbound
2023-01-01,2,5,2,3,1505,510,Madinah,Inbound
2024-01-01,6721,34644,7475,5,1112,216,Madinah,Domestic
2024-01-01,456,1913,766,4,1680,400,Madinah,Domestic
2024-01-01,5101,24188,5245,5,1028,217,Madinah,Domestic
2024-01-01,954,6470,1090,7,1142,168,Madinah,Domestic
2024-01-01,210,2073,374,10,1783,181,Madinah,Domestic
2024-01-01,439,7860,1842,18,4199,234,Madinah,Inbound
2024-01-01,207,2224,1033,11,4988,465,Madinah,Inbound
2024-01-01,175,3377,589,19,3358,174,Madinah,Inbound
2024-01-01,56,2259,220,40,3928,97,Madinah,Inbound
2024-01-01,439,1,1842,4,733,173,Madinah,Inbound
2015-01-01,16565,84924,18848,5,1138,222,Makkah,Domestic
2015-01-01,6823,41378,9288,6,1361,224,Makkah,Domestic
2015-01-01,7145,29242,6968,4,975,238,Makkah,Domestic
2015-01-01,174,862,135,5,776,157,Makkah,Domestic
2015-01-01,44,157,23,4,528,147,Makkah,Domestic
2015-01-01,2379,13285,2434,6,1023,183,Makkah,Domestic
2015-01-01,9862,133471,53398,14,5414,400,Makkah,Inbound
2015-01-01,855,10563,4502,12,5268,426,Makkah,Inbound
2015-01-01,8954,122160,48498,14,5416,397,Makkah,Inbound
2015-01-01,10,204,92,20,8866,453,Makkah,Inbound
2015-01-01,1,14,5,13,4839,367,Makkah,Inbound
2015-01-01,42,529,300,13,7166,568,Makkah,Inbound
2016-01-01,16807,79029,21954,5,1306,278,Makkah,Domestic
2016-01-01,7031,37357,10838,5,1541,290,Makkah,Domestic
2016-01-01,6780,26221,8339,4,1230,318,Makkah,Domestic
2016-01-01,151,975,132,6,872,135,Makkah,Domestic
2016-01-01,27,92,10,3,387,114,Makkah,Domestic
2016-01-01,2817,14384,2635,5,935,183,Makkah,Domestic
2016-01-01,9950,148157,61175,15,6148,413,Makkah,Inbound
2016-01-01,1324,26694,4663,20,3523,175,Makkah,Inbound
2016-01-01,8618,121362,56472,14,6553,465,Makkah,Inbound
2016-01-01,5,74,26,14,5121,355,Makkah,Inbound
2016-01-01,3,27,14,9,4432,514,Makkah,Inbound
2017-01-01,16911,73599,19624,4,1160,267,Makkah,Domestic
2017-01-01,7218,35076,9697,5,1344,276,Makkah,Domestic
2017-01-01,6920,25963,7719,4,1116,297,Makkah,Domestic
2017-01-01,220,1099,184,5,837,168,Makkah,Domestic
2017-01-01,77,166,27,2,351,162,Makkah,Domestic
2017-01-01,2477,11296,1996,5,806,177,Makkah,Domestic
2017-01-01,10533,151280,75812,14,7198,501,Makkah,Inbound
2017-01-01,993,19714,3431,20,3456,174,Makkah,Inbound
2017-01-01,9532,131463,72343,14,7589,550,Makkah,Inbound
2017-01-01,2,16,3,10,2272,215,Makkah,Inbound
2017-01-01,1,9,5,12,6800,567,Makkah,Inbound
2017-01-01,6,77,30,14,5340,390,Makkah,Inbound
2018-01-01,15522,67817,16741,4,1079,247,Makkah,Domestic
2018-01-01,6256,30622,7804,5,1247,255,Makkah,Domestic
2018-01-01,6611,25753,6962,4,1053,270,Makkah,Domestic
2018-01-01,260,1266,261,5,1002,206,Makkah,Domestic
2018-01-01,77,201,27,3,359,137,Makkah,Domestic
2018-01-01,2318,9975,1687,4,728,169,Makkah,Domestic
2018-01-01,10036,149734,72042,15,7178,481,Makkah,Inbound
2018-01-01,705,10661,3079,15,4365,289,Makkah,Inbound
2018-01-01,9323,138973,68949,15,7395,496,Makkah,Inbound
2018-01-01,1,14,2,10,1528,150,Makkah,Inbound
2018-01-01,1,9,1,12,1792,149,Makkah,Inbound
2018-01-01,6,77,11,13,1895,141,Makkah,Inbound
2019-01-01,16017,77267,19954,5,1246,258,Makkah,Domestic
2019-01-01,6006,33222,8472,6,1411,255,Makkah,Domestic
2019-01-01,7058,28733,9082,4,1287,316,Makkah,Domestic
2019-01-01,450,2274,332,5,738,146,Makkah,Domestic
2019-01-01,109,469,60,4,550,127,Makkah,Domestic
2019-01-01,2395,12569,2009,5,839,160,Makkah,Domestic
2019-01-01,10989,154829,74948,14,6820,484,Makkah,Inbound
2019-01-01,768,9660,4878,13,6349,505,Makkah,Inbound
2019-01-01,10209,145051,70011,14,6858,483,Makkah,Inbound
2019-01-01,8,57,42,7,5434,735,Makkah,Inbound
2019-01-01,1,12,6,16,7348,473,Makkah,Inbound
2019-01-01,3,49,11,18,3968,218,Makkah,Inbound
2020-01-01,9878,50333,10433,5,1056,207,Makkah,Domestic
2020-01-01,3951,22596,5145,6,1302,228,Makkah,Domestic
2020-01-01,3575,13362,3329,4,931,249,Makkah,Domestic
2020-01-01,652,3428,347,5,532,101,Makkah,Domestic
2020-01-01,130,559,55,4,423,98,Makkah,Domestic
2020-01-01,1571,10387,1556,7,991,150,Makkah,Domestic
2020-01-01,1942,22785,11694,12,6023,513,Makkah,Inbound
2020-01-01,78,663,238,8,3043,360,Makkah,Inbound
2020-01-01,1858,22097,11444,12,6158,518,Makkah,Inbound
2020-01-01,0,5,2,11,5558,491,Makkah,Inbound
2020-01-01,1,5,2,8,2998,374,Makkah,Inbound
2020-01-01,4,16,7,4,1886,456,Makkah,Inbound
2021-01-01,18476,85256,31003,5,1678,364,Makkah,Domestic
2021-01-01,7418,37401,16292,5,2196,436,Makkah,Domestic
2021-01-01,5612,21092,9103,4,1622,432,Makkah,Domestic
2021-01-01,2438,14089,2408,6,988,171,Makkah,Domestic
2021-01-01,319,1001,193,3,607,193,Makkah,Domestic
2021-01-01,2688,11672,3006,4,1118,258,Makkah,Domestic
2021-01-01,689,5892,2964,9,4303,503,Makkah,Inbound
2021-01-01,366,2387,1077,6,2941,451,Makkah,Inbound
2021-01-01,318,3453,1872,11,5879,542,Makkah,Inbound
2021-01-01,1,14,5,13,4530,338,Makkah,Inbound
2021-01-01,0,5,2,13,4144,329,Makkah,Inbound
2021-01-01,3,32,8,12,3205,258,Makkah,Inbound
2022-01-01,22663,99556,30647,4,1352,308,Makkah,Domestic
2022-01-01,8263,42353,15606,5,1889,368,Makkah,Domestic
2022-01-01,8177,27859,9642,3,1179,346,Makkah,Domestic
2022-01-01,3136,15334,2384,5,760,156,Makkah,Domestic
2022-01-01,341,1088,209,3,613,192,Makkah,Domestic
2022-01-01,2747,12923,2807,5,1022,217,Makkah,Domestic
2022-01-01,9412,188811,74445,20,7909,394,Makkah,Inbound
2022-01-01,1194,43452,10356,36,8670,238,Makkah,Inbound
2022-01-01,8193,145139,64013,18,7813,441,Makkah,Inbound
2022-01-01,19570,6,1,34,5057,150,Makkah,Inbound
2022-01-01,25,214,76,9,3096,357,Makkah,Inbound
2023-01-01,22625,113134,29941,5,1323,265,Makkah,Domestic
2023-01-01,9532,47782,13982,5,1467,293,Makkah,Domestic
2023-01-01,7390,31254,10500,4,1421,336,Makkah,Domestic
2023-01-01,1971,16147,1948,8,988,121,Makkah,Domestic
2023-01-01,398,1211,257,3,644,212,Makkah,Domestic
2023-01-01,3333,16738,3254,5,976,194,Makkah,Domestic
2023-01-01,17015,316400,111487,19,6552,352,Makkah,Inbound
2023-01-01,1555,41548,9284,27,5969,223,Makkah,Inbound
2023-01-01,15378,274219,101977,18,6631,372,Makkah,Inbound
2023-01-01,6,57,21,10,3731,375,Makkah,Inbound
2023-01-01,19570,3,140770,41,4921,119,Makkah,Inbound
2023-01-01,75,573,205,8,2722,358,Makkah,Inbound
2024-01-01,23487,130615,30657,6,1305,235,Makkah,Domestic
2024-01-01,9243,56910,14304,6,1548,251,Makkah,Domestic
2024-01-01,8349,35442,11107,4,1330,313,Makkah,Domestic
2024-01-01,1785,17735,1642,10,920,93,Makkah,Domestic
2024-01-01,459,2041,314,4,685,154,Makkah,Domestic
2024-01-01,3651,18487,3290,5,901,178,Makkah,Domestic
2024-01-01,19570,430796,140770,22,7193,327,Makkah,Inbound
2024-01-01,2073,61594,11810,30,5697,192,Makkah,Inbound
2024-01-01,17448,368244,128810,21,7383,350,Makkah,Inbound
2024-01-01,1,69,11,57,9288,162,Makkah,Inbound
2024-01-01,19570,430796,140770,19,3616,191,Makkah,Inbound
2024-01-01,49,889,139,18,2859,157,Makkah,Inbound
2015-01-01,432,2749,482,6,1116,175,Najran,Domestic
2015-01-01,348,2285,362,7,1040,158,Najran,Domestic
2015-01-01,84,464,120,6,1428,259,Najran,Domestic
2015-01-01,14,76,62,5,4312,817,Najran,Inbound
2015-01-01,7,59,37,8,5005,634,Najran,Inbound
2015-01-01,7,17,25,2,3573,1438,Najran,Inbound
2016-01-01,527,3335,683,6,1295,205,Najran,Domestic
2016-01-01,401,2727,575,7,1432,211,Najran,Domestic
2016-01-01,126,608,108,5,858,178,Najran,Domestic
2016-01-01,1,17,4,11,3045,267,Najran,Inbound
2016-01-01,1,13,3,17,3711,218,Najran,Inbound
2016-01-01,1,3,2,5,2281,456,Najran,Inbound
2017-01-01,600,4554,681,8,1135,150,Najran,Domestic
2017-01-01,395,2797,413,7,1046,148,Najran,Domestic
2017-01-01,205,1757,268,9,1307,153,Najran,Domestic
2018-01-01,622,5502,870,9,1399,158,Najran,Domestic
2018-01-01,462,3901,571,8,1235,146,Najran,Domestic
2018-01-01,159,1601,299,10,1874,187,Najran,Domestic
2018-01-01,15,202,48,13,3155,240,Najran,Inbound
2018-01-01,13,195,45,16,3552,229,Najran,Inbound
2018-01-01,3,7,4,3,1377,537,Najran,Inbound
2019-01-01,564,6220,884,11,1567,142,Najran,Domestic
2019-01-01,395,4368,592,11,1500,136,Najran,Domestic
2019-01-01,170,1852,292,11,1724,158,Najran,Domestic
2019-01-01,7,59,10,9,1576,172,Najran,Inbound
2019-01-01,4,50,7,11,1672,149,Najran,Inbound
2019-01-01,2,10,3,5,1371,291,Najran,Inbound
2020-01-01,612,6145,753,10,1231,123,Najran,Domestic
2020-01-01,390,4278,493,11,1264,115,Najran,Domestic
2020-01-01,222,1867,261,8,1173,140,Najran,Domestic
2020-01-01,9,165,69,19,7951,420,Najran,Inbound
2020-01-01,7,156,67,23,9717,428,Najran,Inbound
2020-01-01,2,9,3,5,1415,285,Najran,Inbound
2021-01-01,864,8770,2098,10,2430,239,Najran,Domestic
2021-01-01,674,7126,1817,11,2695,255,Najran,Domestic
2021-01-01,190,1644,281,9,1485,171,Najran,Domestic
2021-01-01,4,78,19,19,4743,248,Najran,Inbound
2021-01-01,4,77,19,21,5041,243,Najran,Inbound
2021-01-01,1259,1,1,3,1738,603,Najran,Inbound
2022-01-01,1110,8810,1943,8,1751,221,Najran,Domestic
2022-01-01,947,7700,1744,8,1840,226,Najran,Domestic
2022-01-01,162,1110,200,7,1232,180,Najran,Domestic
2022-01-01,7,100,21,14,2972,212,Najran,Inbound
2022-01-01,7,99,21,14,2969,209,Najran,Inbound
2022-01-01,0,11352,2115,3,3110,1037,Najran,Inbound
2023-01-01,1160,10033,2041,9,1759,203,Najran,Domestic
2023-01-01,992,8735,1826,9,1841,209,Najran,Domestic
2023-01-01,169,1298,215,8,1276,166,Najran,Domestic
2023-01-01,17,164,42,9,2427,258,Najran,Inbound
2023-01-01,14,148,37,11,2694,249,Najran,Inbound
2023-01-01,4,15,5,4,1434,347,Najran,Inbound
2024-01-01,1259,11352,2115,9,1680,186,Najran,Domestic
2024-01-01,1026,8907,1862,9,1815,209,Najran,Domestic
2024-01-01,233,2445,254,10,1088,104,Najran,Domestic
2024-01-01,24,1051,56,43,2309,53,Najran,Inbound
2024-01-01,1259,11352,2115,9,1680,186,Najran,Inbound
2024-01-01,9,239,18,25,1925,76,Najran,Inbound
2024-01-01,15,812,38,54,2551,47,Najran,Inbound
2015-01-01,399,1464,272,4,682,186,Northern_borders,Domestic
2015-01-01,195,825,175,4,896,212,Northern_borders,Domestic
2015-01-01,204,639,97,3,476,152,Northern_borders,Domestic
2015-01-01,890,1123,867,1,974,772,Northern_borders,Inbound
2015-01-01,830,971,759,1,915,782,Northern_borders,Inbound
2015-01-01,61,153,108,2,1787,710,Northern_borders,Inbound
2016-01-01,276,1618,333,6,1204,206,Northern_borders,Domestic
2016-01-01,154,858,180,6,1171,210,Northern_borders,Domestic
2016-01-01,122,760,152,6,1246,200,Northern_borders,Domestic
2016-01-01,361,705,583,2,1616,826,Northern_borders,Inbound
2016-01-01,274,576,447,2,1629,776,Northern_borders,Inbound
2016-01-01,86,130,136,2,1576,1051,Northern_borders,Inbound
2017-01-01,202,1260,183,6,903,145,Northern_borders,Domestic
2017-01-01,148,1012,142,7,960,141,Northern_borders,Domestic
2017-01-01,54,248,40,5,745,162,Northern_borders,Domestic
2017-01-01,268,333,457,1,1707,1372,Northern_borders,Inbound
2017-01-01,170,211,281,1,1652,1332,Northern_borders,Inbound
2017-01-01,98,122,176,1,1804,1442,Northern_borders,Inbound
2018-01-01,263,1953,329,7,1252,169,Northern_borders,Domestic
2018-01-01,177,1431,222,8,1254,155,Northern_borders,Domestic
2018-01-01,86,522,107,6,1249,206,Northern_borders,Domestic
2018-01-01,253,328,397,1,1569,1208,Northern_borders,Inbound
2018-01-01,164,210,249,1,1522,1186,Northern_borders,Inbound
2018-01-01,89,118,148,1,1656,1247,Northern_borders,Inbound
2019-01-01,387,2560,629,7,1624,246,Northern_borders,Domestic
2019-01-01,215,1469,338,7,1576,230,Northern_borders,Domestic
2019-01-01,173,1091,291,6,1684,266,Northern_borders,Domestic
2019-01-01,320,430,560,1,1749,1303,Northern_borders,Inbound
2019-01-01,211,283,358,1,1695,1265,Northern_borders,Inbound
2019-01-01,109,147,202,1,1854,1376,Northern_borders,Inbound
2020-01-01,707,4626,870,7,1231,188,Northern_borders,Domestic
2020-01-01,404,2649,478,7,1183,181,Northern_borders,Domestic
2020-01-01,302,1977,392,6,1296,198,Northern_borders,Domestic
2020-01-01,78,97,144,1,1846,1481,Northern_borders,Inbound
2020-01-01,55,69,100,1,1818,1446,Northern_borders,Inbound
2020-01-01,23,28,44,1,1912,1567,Northern_borders,Inbound
2021-01-01,850,5610,1802,7,2121,321,Northern_borders,Domestic
2021-01-01,463,2991,897,6,1937,300,Northern_borders,Domestic
2021-01-01,386,2619,904,7,2341,345,Northern_borders,Domestic
2021-01-01,126,151,255,1,2016,1685,Northern_borders,Inbound
2021-01-01,92,111,188,1,2043,1695,Northern_borders,Inbound
2021-01-01,35,41,67,1,1944,1656,Northern_borders,Inbound
2022-01-01,1015,5276,2574,5,2537,488,Northern_borders,Domestic
2022-01-01,582,2866,1288,5,2213,449,Northern_borders,Domestic
2022-01-01,433,2411,1286,6,2972,533,Northern_borders,Domestic
2022-01-01,598,1116,435,2,727,390,Northern_borders,Inbound
2022-01-01,384,722,308,2,801,427,Northern_borders,Inbound
2022-01-01,214,395,127,2,593,322,Northern_borders,Inbound
2023-01-01,1070,7540,1984,7,1853,263,Northern_borders,Domestic
2023-01-01,563,3977,1258,7,2236,316,Northern_borders,Domestic
2023-01-01,508,3563,726,7,1430,204,Northern_borders,Domestic
2023-01-01,356,2084,536,6,1503,257,Northern_borders,Inbound
2023-01-01,173,912,214,5,1237,234,Northern_borders,Inbound
2023-01-01,183,1172,322,6,1755,274,Northern_borders,Inbound
2024-01-01,1090,8262,1843,8,1692,223,Northern_borders,Domestic
2024-01-01,626,4205,1232,7,1968,293,Northern_borders,Domestic
2024-01-01,463,4057,611,9,1318,151,Northern_borders,Domestic
2024-01-01,528,2860,1200,5,2273,420,Northern_borders,Inbound
2024-01-01,284,1332,484,5,1706,363,Northern_borders,Inbound
2024-01-01,244,1528,716,6,2933,469,Northern_borders,Inbound
2015-01-01,2021,8639,9897,4,4897,1146,Riyadh,Inbound
2015-01-01,1917,8327,9731,4,5076,1169,Riyadh,Inbound
2015-01-01,104,312,166,3,1596,531,Riyadh,Inbound
2015-01-01,4953,24617,6158,5,1243,250,Riyadh,Domestic
2015-01-01,4292,21961,5822,5,1356,265,Riyadh,Domestic
2015-01-01,661,2656,336,4,509,127,Riyadh,Domestic
2016-01-01,3242,14918,20739,5,6396,1390,Riyadh,Inbound
2016-01-01,3203,14778,20671,5,6453,1399,Riyadh,Inbound
2016-01-01,39,140,67,4,1724,483,Riyadh,Inbound
2016-01-01,4468,26196,7518,6,1683,287,Riyadh,Domestic
2016-01-01,4158,24590,7263,6,1747,295,Riyadh,Domestic
2016-01-01,310,1606,255,5,824,159,Riyadh,Domestic
2017-01-01,1998,8922,12849,4,6430,1440,Riyadh,Inbound
2017-01-01,1943,8716,12724,4,6548,1460,Riyadh,Inbound
2017-01-01,55,206,124,4,2269,605,Riyadh,Inbound
2017-01-01,4105,22132,4916,5,1198,222,Riyadh,Domestic
2017-01-01,3680,18827,4513,5,1226,240,Riyadh,Domestic
2017-01-01,424,3305,403,8,950,122,Riyadh,Domestic
2018-01-01,2010,10147,12021,5,5980,1185,Riyadh,Inbound
2018-01-01,1958,9950,11923,5,6090,1198,Riyadh,Inbound
2018-01-01,53,198,99,4,1870,498,Riyadh,Inbound
2018-01-01,4306,24493,6028,6,1400,246,Riyadh,Domestic
2018-01-01,3788,21041,5255,6,1387,250,Riyadh,Domestic
2018-01-01,518,3452,772,7,1490,224,Riyadh,Domestic
2019-01-01,2933,19719,16943,7,5777,859,Riyadh,Inbound
2019-01-01,2862,19485,16788,7,5865,862,Riyadh,Inbound
2019-01-01,70,234,155,3,2204,662,Riyadh,Inbound
2019-01-01,5940,35526,10774,6,1814,303,Riyadh,Domestic
2019-01-01,5049,29725,9805,6,1942,330,Riyadh,Domestic
2019-01-01,891,5801,969,6,1087,167,Riyadh,Domestic
2020-01-01,1065,9437,4967,9,4666,526,Riyadh,Inbound
2020-01-01,1038,9319,4899,9,4719,526,Riyadh,Inbound
2020-01-01,27,118,68,4,2570,579,Riyadh,Inbound
2020-01-01,6825,31954,7493,5,1098,234,Riyadh,Domestic
2020-01-01,5086,22345,6520,4,1282,292,Riyadh,Domestic
2020-01-01,1740,9609,973,6,559,101,Riyadh,Domestic
2021-01-01,1223,14859,7472,12,6107,503,Riyadh,Inbound
2021-01-01,1185,14557,7352,12,6203,505,Riyadh,Inbound
2021-01-01,38,302,120,8,3140,397,Riyadh,Inbound
2021-01-01,11606,55439,21108,5,1819,381,Riyadh,Domestic
2021-01-01,8361,37599,17816,4,2131,474,Riyadh,Domestic
2021-01-01,3245,17840,3292,6,1014,185,Riyadh,Domestic
2022-01-01,1911,41957,11535,22,6037,275,Riyadh,Inbound
2022-01-01,1810,41553,11303,23,6245,272,Riyadh,Inbound
2022-01-01,101,403,232,4,2308,575,Riyadh,Inbound
2022-01-01,16144,72030,24947,4,1545,346,Riyadh,Domestic
2022-01-01,10426,46438,20320,4,1949,438,Riyadh,Domestic
2022-01-01,5718,25592,4627,4,809,181,Riyadh,Domestic
2023-01-01,3010,56979,12542,19,4167,220,Riyadh,Inbound
2023-01-01,2774,52163,11759,19,4240,225,Riyadh,Inbound
2023-01-01,236,4816,783,20,3311,163,Riyadh,Inbound
2023-01-01,16348,98364,28576,6,1748,291,Riyadh,Domestic
2023-01-01,12343,68917,23661,6,1917,343,Riyadh,Domestic
2023-01-01,4005,29447,4915,7,1227,167,Riyadh,Domestic
2024-01-01,2861,40617,10574,14,3696,260,Riyadh,Inbound
2024-01-01,2699,37845,10269,14,3805,271,Riyadh,Inbound
2024-01-01,162,2772,304,17,1881,110,Riyadh,Inbound
2024-01-01,17597,107571,29493,6,1676,274,Riyadh,Domestic
2024-01-01,12716,76116,25154,6,1978,330,Riyadh,Domestic
2024-01-01,4881,31455,4339,6,889,138,Riyadh,Domestic
2015-01-01,1164,4769,980,4,842,206,Tabuk,Domestic
2015-01-01,30,102,38,3,1262,373,Tabuk,Domestic
2015-01-01,43,190,42,4,975,220,Tabuk,Domestic
2015-01-01,334,1162,203,4,606,174,Tabuk,Domestic
2015-01-01,648,2958,610,5,941,206,Tabuk,Domestic
2015-01-01,109,357,87,3,804,245,Tabuk,Domestic
2015-01-01,298,1477,754,5,2529,511,Tabuk,Inbound
2015-01-01,10,55,37,5,3551,675,Tabuk,Inbound
2015-01-01,48,100,64,2,1331,640,Tabuk,Inbound
2015-01-01,240,1322,653,6,2725,494,Tabuk,Inbound
2016-01-01,1150,4936,1000,4,869,203,Tabuk,Domestic
2016-01-01,57,227,53,4,941,236,Tabuk,Domestic
2016-01-01,99,265,55,3,555,207,Tabuk,Domestic
2016-01-01,178,818,169,5,949,206,Tabuk,Domestic
2016-01-01,725,3362,653,5,900,194,Tabuk,Domestic
2016-01-01,91,264,70,3,766,265,Tabuk,Domestic
2016-01-01,134,914,379,7,2826,415,Tabuk,Inbound
2016-01-01,1,3,3,3,2273,831,Tabuk,Inbound
2016-01-01,14,60,34,4,2319,562,Tabuk,Inbound
2016-01-01,13,90,31,7,2433,343,Tabuk,Inbound
2016-01-01,106,760,312,7,2949,410,Tabuk,Inbound
2017-01-01,1228,5965,1008,5,821,169,Tabuk,Domestic
2017-01-01,54,453,49,8,917,109,Tabuk,Domestic
2017-01-01,69,233,61,3,892,263,Tabuk,Domestic
2017-01-01,173,662,142,4,816,214,Tabuk,Domestic
2017-01-01,861,4394,709,5,823,161,Tabuk,Domestic
2017-01-01,72,223,47,3,658,212,Tabuk,Domestic
2017-01-01,105,403,255,4,2437,635,Tabuk,Inbound
2017-01-01,9,27,24,3,2773,887,Tabuk,Inbound
2017-01-01,7,24,17,4,2436,696,Tabuk,Inbound
2017-01-01,89,351,214,4,2404,611,Tabuk,Inbound
2018-01-01,1246,6807,1218,6,977,179,Tabuk,Domestic
2018-01-01,60,453,57,8,951,126,Tabuk,Domestic
2018-01-01,108,446,114,4,1052,255,Tabuk,Domestic
2018-01-01,200,708,149,4,742,210,Tabuk,Domestic
2018-01-01,793,4706,811,6,1023,172,Tabuk,Domestic
2018-01-01,85,495,87,6,1032,177,Tabuk,Domestic
2018-01-01,110,542,239,5,2163,441,Tabuk,Inbound
2018-01-01,11,63,18,6,1587,287,Tabuk,Inbound
2018-01-01,6,21,10,4,1841,507,Tabuk,Inbound
2018-01-01,93,456,209,5,2252,459,Tabuk,Inbound
2018-01-01,0,2,1,5,2744,516,Tabuk,Inbound
2019-01-01,1441,8605,2050,6,1423,238,Tabuk,Domestic
2019-01-01,78,579,99,8,1277,171,Tabuk,Domestic
2019-01-01,148,832,266,6,1790,320,Tabuk,Domestic
2019-01-01,355,1558,533,4,1503,342,Tabuk,Domestic
2019-01-01,773,5166,1045,7,1352,202,Tabuk,Domestic
2019-01-01,87,470,107,5,1229,228,Tabuk,Domestic
2019-01-01,112,494,301,4,2688,609,Tabuk,Inbound
2019-01-01,0,2,2,5,5050,1010,Tabuk,Inbound
2019-01-01,9,60,20,6,2186,342,Tabuk,Inbound
2019-01-01,3,11,6,4,1902,551,Tabuk,Inbound
2019-01-01,99,420,272,4,2752,646,Tabuk,Inbound
2019-01-01,298,1,932,4,1838,430,Tabuk,Inbound
2020-01-01,2043,11677,2765,6,1354,237,Tabuk,Domestic
2020-01-01,99,649,97,7,982,150,Tabuk,Domestic
2020-01-01,230,1149,344,5,1498,299,Tabuk,Domestic
2020-01-01,686,3521,1046,5,1525,297,Tabuk,Domestic
2020-01-01,928,5636,1169,6,1260,207,Tabuk,Domestic
2020-01-01,100,721,108,7,1084,150,Tabuk,Domestic
2020-01-01,21,186,110,9,5138,594,Tabuk,Inbound
2020-01-01,3,46,21,15,6830,463,Tabuk,Inbound
2020-01-01,1,6,3,8,4153,501,Tabuk,Inbound
2020-01-01,18,134,86,8,4882,643,Tabuk,Inbound
2021-01-01,2288,12673,4286,6,1873,338,Tabuk,Domestic
2021-01-01,130,690,219,5,1680,317,Tabuk,Domestic
2021-01-01,181,799,427,4,2359,534,Tabuk,Domestic
2021-01-01,392,1843,935,5,2383,507,Tabuk,Domestic
2021-01-01,1407,8265,2460,6,1749,298,Tabuk,Domestic
2021-01-01,178,1076,246,6,1379,229,Tabuk,Domestic
2021-01-01,38,421,222,11,5907,526,Tabuk,Inbound
2021-01-01,2,7,9,3,3768,1181,Tabuk,Inbound
2021-01-01,298,1,1,8,4745,611,Tabuk,Inbound
2021-01-01,13,78,77,6,6061,988,Tabuk,Inbound
2021-01-01,22,334,135,15,6050,403,Tabuk,Inbound
2022-01-01,2610,14063,5378,5,2061,382,Tabuk,Domestic
2022-01-01,146,764,265,5,1822,348,Tabuk,Domestic
2022-01-01,220,916,516,4,2350,563,Tabuk,Domestic
2022-01-01,397,1762,1186,4,2983,673,Tabuk,Domestic
2022-01-01,1675,9761,3097,6,1849,317,Tabuk,Domestic
2022-01-01,172,861,314,5,1825,365,Tabuk,Domestic
2022-01-01,86,1259,306,15,3545,243,Tabuk,Inbound
2022-01-01,298,4,2,9,3350,372,Tabuk,Inbound
2022-01-01,2,20,6,9,2843,320,Tabuk,Inbound
2022-01-01,298,1,932,9,5255,584,Tabuk,Inbound
2022-01-01,83,1229,296,15,3578,241,Tabuk,Inbound
2022-01-01,1,5,2,6,2025,319,Tabuk,Inbound
2023-01-01,2817,18465,4202,7,1491,228,Tabuk,Domestic
2023-01-01,189,1798,182,10,959,101,Tabuk,Domestic
2023-01-01,294,953,196,3,667,206,Tabuk,Domestic
2023-01-01,462,3448,282,8,609,82,Tabuk,Domestic
2023-01-01,1654,10881,3330,7,2013,306,Tabuk,Domestic
2023-01-01,217,1385,212,6,980,153,Tabuk,Domestic
2023-01-01,138,1177,341,8,2472,290,Tabuk,Inbound
2023-01-01,3,24,10,8,3535,423,Tabuk,Inbound
2023-01-01,12,110,32,10,2775,293,Tabuk,Inbound
2023-01-01,11,82,23,8,2145,277,Tabuk,Inbound
2023-01-01,106,910,259,9,2446,284,Tabuk,Inbound
2023-01-01,7,51,17,7,2438,340,Tabuk,Inbound
2024-01-01,3090,21462,4880,7,1579,227,Tabuk,Domestic
2024-01-01,207,1926,216,9,1039,112,Tabuk,Domestic
2024-01-01,311,1188,181,4,582,152,Tabuk,Domestic
2024-01-01,477,2854,308,6,644,108,Tabuk,Domestic
2024-01-01,1843,13440,3795,7,2059,282,Tabuk,Domestic
2024-01-01,252,2054,381,8,1511,185,Tabuk,Domestic
2024-01-01,154,4581,932,30,6050,203,Tabuk,Inbound
2024-01-01,2,104,16,42,6607,157,Tabuk,Inbound
2024-01-01,11,293,85,26,7659,291,Tabuk,Inbound
2024-01-01,9,131,20,14,2194,155,Tabuk,Inbound
2024-01-01,126,3866,753,31,5978,195,Tabuk,Inbound
2024-01-01,5,186,58,35,10882,309,Tabuk,Inbound